precision,recall,f1-score,support
0.8723175965665236,0.8495297805642633,0.860772895712017,4785.0
0.8136645962732919,0.8408665418561112,0.8270419571221886,3739.0
0.8457297043641483,0.8457297043641483,0.8457297043641483,0.8457297043641483
0.8429910964199078,0.8451981612101873,0.8439074264171028,8524.0
0.8465898199245253,0.8457297043641483,0.8459770276468636,8524.0
