precision,recall,f1-score,support
0.8308243727598567,0.8410740203193033,0.8359177785791562,1378.0
0.8156565656565656,0.804149377593361,0.8098620977852069,1205.0
0.8238482384823849,0.8238482384823849,0.8238482384823849,0.8238482384823849
0.8232404692082111,0.8226116989563321,0.8228899381821815,2583.0
0.8237484116450808,0.8238482384823849,0.8237624958239456,2583.0
