precision,recall,f1-score,support
0.8795698924731182,0.8852813852813853,0.8824163969795038,1386.0
0.8661616161616161,0.8596491228070176,0.8628930817610062,1197.0
0.8734030197444832,0.8734030197444832,0.8734030197444832,0.8734030197444832
0.8728657543173672,0.8724652540442015,0.8726547393702551,2583.0
0.8733563010116904,0.8734030197444832,0.8733690070001999,2583.0
